species_mix_wheat_aestivum_lentil,density_n_ratio,plant_density,soil_water_capacity,density_error,nitrogen_residual,total_precipitation,n_amount,growing_days,stress_index,soil_ph,soil_awc,irrigation_amount,GDD,high_humidity_days,heat_stress_days,crop_season_winter
1.0,0.0,203.03030303030303,-0.524,-21.96969696969697,31.227477029670656,1547.32,0.0,129.0,0.5164869029275809,7.9,294.0,0.0,1504.2133356164384,281.0,63.0,0.0
0.0,0.0,140.4320987654321,-0.51,0.4320987654321016,41.0,1674.71,0.0,247.0,0.6461149020471055,8.1,230.0,0.0,2880.709302325581,338.0,81.0,1.0
0.0,0.3022119341563786,24.17695473251029,-0.3668736568745356,-5.823045267489711,35.0,1538.94,80.0,237.0,0.6160026414263702,7.393333333333333,291.5,0.0,2715.5995684931504,336.0,75.0,1.0
0.0,0.0,38.33333333333334,0.236,-6.666666666666657,42.0,1440.75,0.0,113.0,0.4460708782742681,6.6,291.5,0.0,629.0810616438356,579.0,0.0,0.0
0.0,0.0,133.7448559670782,-0.51,-6.255144032921805,41.0,1674.71,0.0,247.0,0.6461149020471055,8.1,230.0,0.0,2880.709302325581,338.0,81.0,1.0
0.0,0.0,109.21717171717172,0.3142,-20.78282828282828,64.5,1636.91,0.0,241.0,0.4375889647076088,6.3,291.5,0.0,2317.0895479452056,500.0,11.0,1.0
1.0,0.0,230.3030303030303,-0.524,-69.69696969696969,31.227477029670656,1547.32,0.0,123.0,0.5164869029275809,7.9,294.0,0.0,1434.2499246575342,281.0,63.0,0.0
1.0,0.0,85.85858585858587,-0.524,10.858585858585869,31.227477029670656,1547.32,0.0,123.0,0.5164869029275809,7.9,294.0,0.0,1434.2499246575342,281.0,63.0,0.0
0.0,0.2561129618742788,35.855814662399034,-0.51,0.8558146623990339,41.0,1674.71,140.0,247.0,0.6461149020471055,8.1,230.0,0.0,2880.709302325581,338.0,81.0,1.0
0.0,0.0,76.25,0.36205,-13.75,74.1,1454.77,0.0,129.0,0.4296720228923618,6.8,291.5,0.0,1018.7594117647058,465.0,15.0,0.0
0.0,0.0,115.83333333333334,0.236,-34.16666666666666,42.0,1440.75,0.0,113.0,0.4460708782742681,6.6,291.5,0.0,629.0810616438356,579.0,0.0,0.0
1.0,0.0,129.29292929292927,-0.524,-20.707070707070727,31.227477029670656,1547.32,0.0,123.0,0.5164869029275809,7.9,294.0,0.0,1434.2499246575342,281.0,63.0,0.0
0.0,0.1864711934156378,14.917695473251028,-0.3668736568745356,-0.0823045267489721,35.0,1538.94,80.0,237.0,0.6160026414263702,7.393333333333333,291.5,0.0,2715.5995684931504,336.0,75.0,1.0
0.0,0.0,121.0,0.2395,-29.0,41.0,1447.72,0.0,110.0,0.4522342064714946,6.8,291.5,0.0,594.4883036935706,587.0,0.0,0.0
0.0,0.0,93.0,0.182,-57.0,41.0,1641.86,0.0,112.0,0.485362095531587,5.5,291.5,0.0,640.5787140902871,630.0,0.0,0.0
1.0,0.0,323.2323232323232,-0.524,23.23232323232321,31.227477029670656,1547.32,0.0,123.0,0.5164869029275809,7.9,294.0,0.0,1434.2499246575342,281.0,63.0,0.0
0.0,0.0,97.44,-0.552,-42.56,100.32300305199568,1395.83,0.0,243.0,0.5627779000660357,8.3,324.84063359499675,20.0,2940.9774041095893,304.0,69.0,1.0
1.0,0.0,271.7171717171717,-0.524,-28.28282828282829,31.227477029670656,1547.32,0.0,129.0,0.5164869029275809,7.9,294.0,0.0,1504.2133356164384,281.0,63.0,0.0
0.0,0.0,77.5034293552812,-0.5777888686387216,7.503429355281199,31.0,1547.32,0.0,204.0,0.5164869029275809,8.46,333.0,0.0,2378.75597260274,281.0,63.0,1.0
0.0,0.0,30.113636363636363,0.276,3.113636363636364,41.0,1503.56,0.0,253.0,0.3845770049159879,5.9,291.5,0.0,1726.333905608755,493.0,1.0,1.0
0.0,0.9798157946306094,44.091710758377424,0.3137,4.091710758377424,59.3,1592.27,45.0,252.0,0.4160246533127889,6.0,291.5,0.0,1631.112229822161,540.0,0.0,1.0
0.0,3.155006858710562,189.3004115226337,-0.3668736568745356,-10.69958847736629,35.0,1538.94,60.0,237.0,0.6160026414263702,7.393333333333333,291.5,0.0,2715.5995684931504,336.0,75.0,1.0
0.0,2.9545454545454546,88.63636363636364,0.269495,-61.36363636363636,41.0,1532.13,30.0,244.0,0.4424169051287695,5.7,291.5,0.0,2405.908520547945,463.0,18.0,1.0
0.0,0.318,25.44,-0.552,-4.559999999999999,100.32300305199568,1395.83,80.0,243.0,0.5627779000660357,8.3,324.84063359499675,20.0,2940.9774041095893,304.0,69.0,1.0
0.0,0.0,11.89169769416683,-0.51,-0.1083023058331704,41.0,1674.71,0.0,247.0,0.6461149020471055,8.1,230.0,0.0,2880.709302325581,338.0,81.0,1.0
1.0,0.0,135.353535353535,-0.5210546484649512,-14.646464646465006,20.0,1524.77,0.0,120.0,0.6209699904615159,7.9,291.5,0.0,1393.206566347469,293.0,83.0,0.0
0.0,0.0,113.42592592592592,0.349,-26.57407407407408,36.0,1301.25,0.0,232.0,0.6531807175874973,7.0,259.0,0.0,2799.632229822161,273.0,93.0,1.0
0.0,1.258116883116883,44.03409090909091,0.276,-0.9659090909090936,41.0,1503.56,35.0,253.0,0.3845770049159879,5.9,291.5,0.0,1726.333905608755,493.0,1.0,1.0
0.0,1.2012987012987013,42.04545454545455,0.276,-2.9545454545454533,41.0,1503.56,35.0,253.0,0.3845770049159879,5.9,291.5,0.0,1726.333905608755,493.0,1.0,1.0
0.0,0.0,34.56439393939394,0.3142,-5.435606060606062,64.5,1636.91,0.0,241.0,0.4375889647076088,6.3,291.5,0.0,2317.0895479452056,500.0,11.0,1.0
0.0,0.750561167227834,33.775252525252526,0.3142,-6.224747474747474,64.5,1636.91,45.0,241.0,0.4375889647076088,6.3,291.5,0.0,2317.0895479452056,500.0,11.0,1.0
1.0,0.0,283.83838383838383,-0.524,-16.161616161616166,31.227477029670656,1547.32,0.0,123.0,0.5164869029275809,7.9,294.0,0.0,1434.2499246575342,281.0,63.0,0.0
0.0,2.3233882030178328,185.87105624142663,-0.3668736568745356,-14.12894375857337,35.0,1538.94,80.0,237.0,0.6160026414263702,7.393333333333333,291.5,0.0,2715.5995684931504,336.0,75.0,1.0
1.0,0.0,140.06734006734,-0.5210546484649512,-9.932659932659988,20.0,1524.77,0.0,120.0,0.6209699904615159,7.9,291.5,0.0,1393.206566347469,293.0,83.0,0.0
0.0,0.102880658436214,14.40329218106996,-0.3668736568745356,-0.5967078189300405,35.0,1538.94,140.0,237.0,0.6160026414263702,7.393333333333333,291.5,0.0,2715.5995684931504,336.0,75.0,1.0
1.0,0.0,67.34006734006734,-0.5210546484649512,-7.659932659932664,20.0,1524.77,0.0,120.0,0.6209699904615159,7.9,291.5,0.0,1393.206566347469,293.0,83.0,0.0
0.0,0.0,30.0,0.182,-15.0,71.0,1791.72,0.0,136.0,0.5,5.5,291.5,0.0,704.6132054794523,649.0,0.0,0.0
0.0,1.1096413874191642,155.349794238683,-0.51,15.349794238682987,41.0,1674.71,140.0,247.0,0.6461149020471055,8.1,230.0,0.0,2880.709302325581,338.0,81.0,1.0
0.0,0.0,168.0,0.182,18.0,71.0,1590.93,0.0,130.0,0.4807395993836671,5.5,291.5,0.0,705.51,624.0,0.0,0.0
0.0,0.0,145.5761316872428,0.349,5.576131687242793,36.0,1301.25,0.0,232.0,0.6531807175874973,7.0,259.0,0.0,2799.632229822161,273.0,93.0,1.0
0.0,0.0,48.55967078189303,0.349,13.559670781893033,36.0,1301.25,0.0,232.0,0.6531807175874973,7.0,259.0,0.0,2799.632229822161,273.0,93.0,1.0
0.0,0.1567705271408974,21.94787379972565,-0.3668736568745356,-8.052126200274351,35.0,1538.94,140.0,237.0,0.6160026414263702,7.393333333333333,291.5,0.0,2715.5995684931504,336.0,75.0,1.0
0.0,0.0,114.19753086419756,-0.51,-25.80246913580244,41.0,1674.71,0.0,247.0,0.6461149020471055,8.1,230.0,0.0,2880.709302325581,338.0,81.0,1.0
0.0,0.0,39.66620941929587,-0.51,4.666209419295868,41.0,1674.71,0.0,247.0,0.6461149020471055,8.1,230.0,0.0,2880.709302325581,338.0,81.0,1.0
1.0,0.0,260.6060606060606,-0.524,-39.39393939393938,31.227477029670656,1547.32,0.0,123.0,0.5164869029275809,7.9,294.0,0.0,1434.2499246575342,281.0,63.0,0.0
0.0,2.6791351010101008,192.89772727272725,0.276,-17.102272727272748,41.0,1503.56,72.0,253.0,0.3845770049159879,5.9,291.5,0.0,1726.333905608755,493.0,1.0,1.0
1.0,0.0,141.4141414141414,-0.524,-8.585858585858603,31.227477029670656,1547.32,0.0,123.0,0.5164869029275809,7.9,294.0,0.0,1434.2499246575342,281.0,63.0,0.0
0.0,1.317873303076923,171.32352939999998,-0.3739999999999999,-3.676470600000016,42.0,1292.01,130.0,251.0,0.409289016068677,7.31,291.5,0.0,2194.1571887824894,420.0,18.0,1.0
0.0,0.0,39.083333333333336,-0.372,1.5833333333333357,41.0,1311.15,0.0,251.0,0.435270379338176,7.31,291.5,0.0,2505.120779753762,429.0,22.0,1.0
0.0,0.0,91.25,-0.449,41.25,41.0,2123.88,0.0,102.0,0.7588597842835131,7.7,291.5,0.0,1249.689069767442,336.0,105.0,0.0
1.0,0.0,307.7441077441077,-0.5210546484649512,7.74410774410768,20.0,1524.77,0.0,120.0,0.6209699904615159,7.9,291.5,0.0,1393.206566347469,293.0,83.0,0.0
1.0,0.0,392.5925925925927,-0.5210546484649512,-7.407407407407277,20.0,1524.77,0.0,120.0,0.6209699904615159,7.9,291.5,0.0,1393.206566347469,293.0,83.0,0.0
0.0,0.0,186.3636363636364,0.276,-23.6363636363636,41.0,1503.56,0.0,253.0,0.3845770049159879,5.9,291.5,0.0,1726.333905608755,493.0,1.0,1.0
1.0,0.0,375.084175084175,-0.5210546484649512,-24.915824915825,20.0,1524.77,0.0,120.0,0.6209699904615159,7.9,291.5,0.0,1393.206566347469,293.0,83.0,0.0
0.0,0.0,41.9753086419753,0.349,6.975308641975303,36.0,1301.25,0.0,232.0,0.6531807175874973,7.0,259.0,0.0,2799.632229822161,273.0,93.0,1.0
0.0,0.0,93.0,0.182,-57.0,41.0,1641.86,0.0,112.0,0.485362095531587,5.5,291.5,0.0,640.5787140902871,630.0,0.0,0.0
0.0,0.0,105.7275,0.3109999999999999,5.727500000000006,66.0,1451.31,0.0,120.0,0.4273607748184019,6.5,291.5,0.0,1193.284109589041,462.0,15.0,0.0
0.0,0.0,93.0,0.182,-57.0,41.0,1641.86,0.0,112.0,0.485362095531587,5.5,291.5,0.0,640.5787140902871,630.0,0.0,0.0
1.0,0.0,298.989898989899,-0.5210546484649512,-1.010101010100982,20.0,1524.77,0.0,120.0,0.6209699904615159,7.9,291.5,0.0,1393.206566347469,293.0,83.0,0.0
0.0,0.0,14.25,-0.448,-0.75,35.0,1389.46,0.0,202.0,0.5750311835057598,7.8,291.5,0.0,2348.1614520547946,289.0,74.0,1.0
0.0,0.0,28.80658436213992,-0.5777888686387216,-6.193415637860081,31.0,1547.32,0.0,204.0,0.5164869029275809,8.46,333.0,0.0,2378.75597260274,281.0,63.0,1.0
0.0,0.0,46.30681818181819,0.276,1.306818181818187,41.0,1503.56,0.0,253.0,0.3845770049159879,5.9,291.5,0.0,1726.333905608755,493.0,1.0,1.0
0.0,0.0,21.6049382716049,-0.532,6.604938271604901,53.0,1389.46,0.0,209.0,0.5750311835057598,8.3,291.5,83.0,2429.533383561644,289.0,74.0,1.0
0.0,0.6858710562414266,30.8641975308642,0.3137,-9.1358024691358,59.3,1592.27,45.0,252.0,0.4160246533127889,6.0,291.5,0.0,1631.112229822161,540.0,0.0,1.0
1.0,0.0,321.2121212121212,-0.524,121.2121212121212,31.227477029670656,1547.32,0.0,123.0,0.5164869029275809,7.9,294.0,0.0,1434.2499246575342,281.0,63.0,0.0
0.0,0.0,56.37860082304527,0.349,21.378600823045268,36.0,1301.25,0.0,232.0,0.6531807175874973,7.0,259.0,0.0,2799.632229822161,273.0,93.0,1.0
0.0,0.9769230769230768,127.0,0.25676,2.0,71.0,1451.31,130.0,118.0,0.4273607748184019,6.0,291.5,105.0,1173.3960410958905,462.0,15.0,0.0
0.0,0.0,56.0,0.2395,-4.0,41.0,1447.72,0.0,110.0,0.4522342064714946,6.8,291.5,0.0,594.4883036935706,587.0,0.0,0.0
1.0,0.0,317.171717171717,-0.5210546484649512,17.171717171716978,20.0,1524.77,0.0,120.0,0.6209699904615159,7.9,291.5,0.0,1393.206566347469,293.0,83.0,0.0
0.0,0.0,56.0,0.2395,-4.0,41.0,1447.72,0.0,110.0,0.4522342064714946,6.8,291.5,0.0,594.4883036935706,587.0,0.0,0.0
0.0,0.3307692307692307,43.0,0.25676,3.0,71.0,1451.31,130.0,118.0,0.4273607748184019,6.0,291.5,105.0,1173.3960410958905,462.0,15.0,0.0
0.0,0.0,134.77366255144034,-0.51,-5.226337448559661,41.0,1674.71,0.0,247.0,0.6461149020471055,8.1,230.0,0.0,2880.709302325581,338.0,81.0,1.0
0.0,0.6565126050595237,45.95588235416666,-0.3739999999999999,5.955882354166661,42.0,1292.01,70.0,251.0,0.409289016068677,7.31,291.5,0.0,2194.1571887824894,420.0,18.0,1.0
0.0,1.0324808935920071,144.54732510288102,-0.51,4.547325102881018,41.0,1674.71,140.0,247.0,0.6461149020471055,8.1,230.0,0.0,2880.709302325581,338.0,81.0,1.0
1.0,0.0,148.14814814814832,-0.5210546484649512,-1.851851851851677,20.0,1524.77,0.0,120.0,0.6209699904615159,7.9,291.5,0.0,1393.206566347469,293.0,83.0,0.0
0.0,0.0,38.75171467764064,-0.51,3.751714677640642,41.0,1674.71,0.0,247.0,0.6461149020471055,8.1,230.0,0.0,2880.709302325581,338.0,81.0,1.0
0.0,0.0,42.32804232804233,0.3137,2.328042328042329,59.3,1592.27,0.0,252.0,0.4160246533127889,6.0,291.5,0.0,1631.112229822161,540.0,0.0,1.0
0.0,0.6324404761904762,25.297619047619047,0.278,-19.70238095238096,41.0,1454.85,40.0,233.0,0.3657348301416098,6.0,291.5,0.0,1888.0984473324213,450.0,4.0,1.0
0.0,0.4605134234763864,41.44620811287478,0.3137,1.4462081128747784,59.3,1592.27,90.0,252.0,0.4160246533127889,6.0,291.5,0.0,1631.112229822161,540.0,0.0,1.0
0.0,0.0,38.88888889111112,-0.3739999999999999,-1.1111111088888777,19.0,1272.91,0.0,256.0,0.3942989214175655,7.31,291.5,0.0,2190.395616438356,382.0,21.0,1.0
0.0,0.7821268237934903,35.195707070707066,0.3142,-4.804292929292934,64.5,1636.91,45.0,241.0,0.4375889647076088,6.3,291.5,0.0,2317.0895479452056,500.0,11.0,1.0
0.0,0.0,14.631915866483768,-0.51,2.631915866483768,41.0,1674.71,0.0,247.0,0.6461149020471055,8.1,230.0,0.0,2880.709302325581,338.0,81.0,1.0
0.0,0.0,99.0,0.182,-51.0,71.0,1791.72,0.0,136.0,0.5,5.5,291.5,0.0,704.6132054794523,649.0,0.0,0.0
0.0,0.0,37.25,0.36205,-7.75,74.1,1454.77,0.0,129.0,0.4296720228923618,6.8,291.5,0.0,1018.7594117647058,465.0,15.0,0.0
0.0,0.1607510288065843,12.860082304526747,-0.3668736568745356,-2.139917695473253,35.0,1538.94,80.0,237.0,0.6160026414263702,7.393333333333333,291.5,0.0,2715.5995684931504,336.0,75.0,1.0
0.0,0.0,35.11904761904762,0.278,-9.88095238095238,41.0,1454.85,0.0,233.0,0.3657348301416098,6.0,291.5,0.0,1888.0984473324213,450.0,4.0,1.0
0.0,0.0,30.0,0.182,-15.0,71.0,1791.72,0.0,136.0,0.5,5.5,291.5,0.0,704.6132054794523,649.0,0.0,0.0
0.0,1.440329218106996,201.64609053497944,-0.3668736568745356,1.646090534979436,35.0,1538.94,140.0,237.0,0.6160026414263702,7.393333333333333,291.5,0.0,2715.5995684931504,336.0,75.0,1.0
0.0,0.0,28.69227251943304,-0.51,-6.30772748056696,41.0,1674.71,0.0,247.0,0.6461149020471055,8.1,230.0,0.0,2880.709302325581,338.0,81.0,1.0
0.0,0.0,89.03999999999999,-0.552,-50.96000000000001,100.32300305199568,1395.83,0.0,243.0,0.5627779000660357,8.3,324.84063359499675,20.0,2940.9774041095893,304.0,69.0,1.0
1.0,0.0,71.71717171717172,-0.524,-3.2828282828282767,31.227477029670656,1547.32,0.0,123.0,0.5164869029275809,7.9,294.0,0.0,1434.2499246575342,281.0,63.0,0.0
1.0,0.0,297.979797979798,-0.524,-2.0202020202020208,31.227477029670656,1547.32,0.0,123.0,0.5164869029275809,7.9,294.0,0.0,1434.2499246575342,281.0,63.0,0.0
0.0,0.0,99.0,0.182,-51.0,71.0,1791.72,0.0,136.0,0.5,5.5,291.5,0.0,704.6132054794523,649.0,0.0,0.0
1.0,0.0,145.45454545454533,-0.5210546484649512,-4.545454545454675,20.0,1524.77,0.0,120.0,0.6209699904615159,7.9,291.5,0.0,1393.206566347469,293.0,83.0,0.0
0.0,0.0,168.0,0.21325,18.0,41.0,1488.12,0.0,134.0,0.4279991195245433,6.5,291.5,0.0,1008.1811232876712,537.0,3.0,0.0
0.0,0.0,35.0,0.182,-10.0,71.0,1590.93,0.0,130.0,0.4807395993836671,5.5,291.5,0.0,705.51,624.0,0.0,0.0
0.0,0.0,14.060356652949244,-0.51,2.060356652949244,41.0,1674.71,0.0,247.0,0.6461149020471055,8.1,230.0,0.0,2880.709302325581,338.0,81.0,1.0
0.0,0.0,141.0,0.21325,-9.0,41.0,1488.12,0.0,134.0,0.4279991195245433,6.5,291.5,0.0,1008.1811232876712,537.0,3.0,0.0
1.0,0.0,68.68686868686869,-0.524,-6.313131313131308,31.227477029670656,1547.32,0.0,129.0,0.5164869029275809,7.9,294.0,0.0,1504.2133356164384,281.0,63.0,0.0
0.0,0.0,93.0,0.182,-57.0,41.0,1641.86,0.0,112.0,0.485362095531587,5.5,291.5,0.0,640.5787140902871,630.0,0.0,0.0
0.0,1.4742193173086422,66.3398692788889,-0.3739999999999999,14.339869278888898,19.0,1272.91,45.0,256.0,0.3942989214175655,7.31,291.5,0.0,2190.395616438356,382.0,21.0,1.0
0.0,0.0,113.8545953360768,-0.5777888686387216,-36.1454046639232,31.0,1547.32,0.0,204.0,0.5164869029275809,8.46,333.0,0.0,2378.75597260274,281.0,63.0,1.0
0.0,0.0,12.757201646090534,0.349,0.7572016460905342,36.0,1301.25,0.0,232.0,0.6531807175874973,7.0,259.0,0.0,2799.632229822161,273.0,93.0,1.0
0.0,4.744318181818182,142.32954545454544,0.269495,-67.67045454545456,41.0,1532.13,30.0,244.0,0.4424169051287695,5.7,291.5,0.0,2405.908520547945,463.0,18.0,1.0
1.0,0.0,131.31313131313132,-0.5210546484649512,-18.68686868686868,20.0,1524.77,0.0,120.0,0.6209699904615159,7.9,291.5,0.0,1393.206566347469,293.0,83.0,0.0
1.0,0.0,143.434343434343,-0.5210546484649512,-6.565656565657008,20.0,1524.77,0.0,120.0,0.6209699904615159,7.9,291.5,0.0,1393.206566347469,293.0,83.0,0.0
0.0,0.2735599999999998,27.35599999999998,-0.526,-2.64400000000002,45.2,1401.49,100.0,238.0,0.6559835644581408,8.0,332.7188745600972,0.0,2790.724424657535,289.0,91.0,1.0
0.0,2.25480109739369,180.3840877914952,-0.3668736568745356,-19.615912208504795,35.0,1538.94,80.0,237.0,0.6160026414263702,7.393333333333333,291.5,0.0,2715.5995684931504,336.0,75.0,1.0
1.0,0.0,220.2020202020202,-0.524,-4.797979797979792,31.227477029670656,1547.32,0.0,123.0,0.5164869029275809,7.9,294.0,0.0,1434.2499246575342,281.0,63.0,0.0
0.0,0.0,12.802926383173295,-0.51,0.8029263831732951,41.0,1674.71,0.0,247.0,0.6461149020471055,8.1,230.0,0.0,2880.709302325581,338.0,81.0,1.0
0.0,0.464,27.84,-0.552,-2.16,100.32300305199568,1395.83,60.0,243.0,0.5627779000660357,8.3,324.84063359499675,20.0,2940.9774041095893,304.0,69.0,1.0
1.0,0.0,229.2929292929293,-0.524,-70.7070707070707,31.227477029670656,1547.32,0.0,129.0,0.5164869029275809,7.9,294.0,0.0,1504.2133356164384,281.0,63.0,0.0
0.0,2.8527462121212124,205.39772727272728,0.276,-4.60227272727272,41.0,1503.56,72.0,253.0,0.3845770049159879,5.9,291.5,0.0,1726.333905608755,493.0,1.0,1.0
0.0,0.729962766999804,102.19478737997257,-0.3668736568745356,2.194787379972567,35.0,1538.94,140.0,237.0,0.6160026414263702,7.393333333333333,291.5,0.0,2715.5995684931504,336.0,75.0,1.0
1.0,0.0,248.48484848484847,-0.524,-51.51515151515153,31.227477029670656,1547.32,0.0,129.0,0.5164869029275809,7.9,294.0,0.0,1504.2133356164384,281.0,63.0,0.0
1.0,0.0,282.82828282828297,-0.5210546484649512,-17.171717171717034,20.0,1524.77,0.0,120.0,0.6209699904615159,7.9,291.5,0.0,1393.206566347469,293.0,83.0,0.0
0.0,0.0,93.0,0.182,-57.0,41.0,1641.86,0.0,112.0,0.485362095531587,5.5,291.5,0.0,640.5787140902871,630.0,0.0,0.0
0.0,1.7361111111111112,138.88888888888889,-0.3668736568745356,-11.111111111111114,35.0,1538.94,80.0,237.0,0.6160026414263702,7.393333333333333,291.5,0.0,2715.5995684931504,336.0,75.0,1.0
0.0,0.0,83.5,0.21325,-6.5,41.0,1488.12,0.0,134.0,0.4279991195245433,6.5,291.5,0.0,1008.1811232876712,537.0,3.0,0.0
0.0,0.0,18.0,0.2395,-2.0,41.0,1447.72,0.0,110.0,0.4522342064714946,6.8,291.5,0.0,594.4883036935706,587.0,0.0,0.0
1.0,0.0,59.93265993265994,-0.5210546484649512,-15.067340067340062,20.0,1524.77,0.0,120.0,0.6209699904615159,7.9,291.5,0.0,1393.206566347469,293.0,83.0,0.0
1.0,0.0,355.55555555555566,-0.5210546484649512,-44.44444444444434,20.0,1524.77,0.0,120.0,0.6209699904615159,7.9,291.5,0.0,1393.206566347469,293.0,83.0,0.0
0.0,0.0,105.84,-0.552,-34.16,100.32300305199568,1395.83,0.0,243.0,0.5627779000660357,8.3,324.84063359499675,20.0,2940.9774041095893,304.0,69.0,1.0
0.0,0.0,37.0,0.2395,-8.0,41.0,1447.72,0.0,110.0,0.4522342064714946,6.8,291.5,0.0,594.4883036935706,587.0,0.0,0.0
1.0,0.0,162.62626262626262,-0.524,-37.37373737373738,31.227477029670656,1547.32,0.0,129.0,0.5164869029275809,7.9,294.0,0.0,1504.2133356164384,281.0,63.0,0.0
0.0,0.0,22.9766803840878,-0.3668736568745356,-7.0233196159122,35.0,1538.94,0.0,237.0,0.6160026414263702,7.393333333333333,291.5,0.0,2715.5995684931504,336.0,75.0,1.0
0.0,1.19,95.2,-0.552,-44.8,100.32300305199568,1395.83,80.0,243.0,0.5627779000660357,8.3,324.84063359499675,20.0,2940.9774041095893,304.0,69.0,1.0
1.0,0.0,135.35353535353534,-0.524,-14.646464646464665,31.227477029670656,1547.32,0.0,123.0,0.5164869029275809,7.9,294.0,0.0,1434.2499246575342,281.0,63.0,0.0
0.0,0.0,33.0,0.182,-27.0,71.0,1590.93,0.0,130.0,0.4807395993836671,5.5,291.5,0.0,705.51,624.0,0.0,0.0
0.0,0.0,138.75,0.36205,-11.25,74.1,1454.77,0.0,129.0,0.4296720228923618,6.8,291.5,0.0,1018.7594117647058,465.0,15.0,0.0
0.0,0.3318250377179487,43.137254903333336,-0.3739999999999999,3.137254903333336,42.0,1292.01,130.0,251.0,0.409289016068677,7.31,291.5,0.0,2194.1571887824894,420.0,18.0,1.0
0.0,0.318,25.44,-0.552,-4.559999999999999,100.32300305199568,1395.83,80.0,243.0,0.5627779000660357,8.3,324.84063359499675,20.0,2940.9774041095893,304.0,69.0,1.0
0.0,0.4899078973153047,44.091710758377424,0.3137,4.091710758377424,59.3,1592.27,90.0,252.0,0.4160246533127889,6.0,291.5,0.0,1631.112229822161,540.0,0.0,1.0
0.0,2.503429355281207,150.2057613168724,-0.3668736568745356,0.2057613168724117,35.0,1538.94,60.0,237.0,0.6160026414263702,7.393333333333333,291.5,0.0,2715.5995684931504,336.0,75.0,1.0
1.0,0.0,321.212121212121,-0.5210546484649512,21.21212121212102,20.0,1524.77,0.0,120.0,0.6209699904615159,7.9,291.5,0.0,1393.206566347469,293.0,83.0,0.0
0.0,0.0,139.40329218107,-0.51,-0.5967078189300139,41.0,1674.71,0.0,247.0,0.6461149020471055,8.1,230.0,0.0,2880.709302325581,338.0,81.0,1.0
0.0,0.0,14.060356652949244,-0.51,2.060356652949244,41.0,1674.71,0.0,247.0,0.6461149020471055,8.1,230.0,0.0,2880.709302325581,338.0,81.0,1.0
0.0,0.2547521066039583,35.66529492455417,-0.51,0.6652949245541677,41.0,1674.71,140.0,247.0,0.6461149020471055,8.1,230.0,0.0,2880.709302325581,338.0,81.0,1.0
0.0,0.0,30.5,-0.372,-9.5,41.0,1311.15,0.0,251.0,0.435270379338176,7.31,291.5,0.0,2505.120779753762,429.0,22.0,1.0
0.0,0.0,85.47,0.3109999999999999,-4.530000000000001,76.0,1255.58,0.0,123.0,0.4157311614938733,6.7,291.5,0.0,1214.2337893296856,416.0,20.0,0.0
0.0,0.0,137.34567901234567,-0.51,-2.65432098765433,41.0,1674.71,0.0,247.0,0.6461149020471055,8.1,230.0,0.0,2880.709302325581,338.0,81.0,1.0
0.0,0.98,78.4,-0.552,-61.6,100.32300305199568,1395.83,80.0,243.0,0.5627779000660357,8.3,324.84063359499675,20.0,2940.9774041095893,304.0,69.0,1.0
0.0,0.0,27.0,0.182,7.0,71.0,1791.72,0.0,136.0,0.5,5.5,291.5,0.0,704.6132054794523,649.0,0.0,0.0
1.0,0.0,74.74747474747475,-0.524,-0.2525252525252455,31.227477029670656,1547.32,0.0,129.0,0.5164869029275809,7.9,294.0,0.0,1504.2133356164384,281.0,63.0,0.0
0.0,0.0,14.88095238095238,0.278,-12.11904761904762,41.0,1454.85,0.0,233.0,0.3657348301416098,6.0,291.5,0.0,1888.0984473324213,450.0,4.0,1.0
1.0,0.0,185.85858585858583,-0.524,-39.141414141414174,31.227477029670656,1547.32,0.0,129.0,0.5164869029275809,7.9,294.0,0.0,1504.2133356164384,281.0,63.0,0.0
0.0,0.482933914308642,43.46405228777778,-0.3739999999999999,3.464052287777782,19.0,1272.91,90.0,256.0,0.3942989214175655,7.31,291.5,0.0,2190.395616438356,382.0,21.0,1.0
0.0,0.0,30.178326474622768,-0.51,-4.821673525377232,41.0,1674.71,0.0,247.0,0.6461149020471055,8.1,230.0,0.0,2880.709302325581,338.0,81.0,1.0
0.0,1.085,86.8,-0.552,-53.2,100.32300305199568,1395.83,80.0,243.0,0.5627779000660357,8.3,324.84063359499675,20.0,2940.9774041095893,304.0,69.0,1.0
0.0,0.0,136.0,0.36205,-14.0,74.1,1454.77,0.0,129.0,0.4296720228923618,6.8,291.5,0.0,1018.7594117647058,465.0,15.0,0.0
0.0,0.0,100.0,0.25676,-25.0,71.0,1451.31,0.0,118.0,0.4273607748184019,6.0,291.5,105.0,1173.3960410958905,462.0,15.0,0.0
1.0,0.0,83.16498316498317,-0.5210546484649512,8.16498316498317,20.0,1524.77,0.0,120.0,0.6209699904615159,7.9,291.5,0.0,1393.206566347469,293.0,83.0,0.0
0.0,0.3110915147952185,43.5528120713306,-0.51,8.5528120713306,41.0,1674.71,140.0,247.0,0.6461149020471055,8.1,230.0,0.0,2880.709302325581,338.0,81.0,1.0
1.0,0.0,70.03367003367003,-0.5210546484649512,-4.966329966329965,20.0,1524.77,0.0,120.0,0.6209699904615159,7.9,291.5,0.0,1393.206566347469,293.0,83.0,0.0
0.0,3.326474622770919,199.58847736625515,-0.3668736568745356,-0.4115226337448519,35.0,1538.94,60.0,237.0,0.6160026414263702,7.393333333333333,291.5,0.0,2715.5995684931504,336.0,75.0,1.0
0.0,0.0,26.45599999999997,-0.526,-3.544000000000029,45.2,1401.49,0.0,238.0,0.6559835644581408,8.0,332.7188745600972,0.0,2790.724424657535,289.0,91.0,1.0
1.0,0.0,257.5757575757576,-0.524,-42.42424242424238,31.227477029670656,1547.32,0.0,129.0,0.5164869029275809,7.9,294.0,0.0,1504.2133356164384,281.0,63.0,0.0
1.0,0.0,305.05050505050497,-0.5210546484649512,5.050505050504967,20.0,1524.77,0.0,120.0,0.6209699904615159,7.9,291.5,0.0,1393.206566347469,293.0,83.0,0.0
0.0,0.0,14.288980338363054,-0.51,2.2889803383630536,41.0,1674.71,0.0,247.0,0.6461149020471055,8.1,230.0,0.0,2880.709302325581,338.0,81.0,1.0
1.0,0.0,148.4848484848485,-0.524,-1.5151515151515014,31.227477029670656,1547.32,0.0,129.0,0.5164869029275809,7.9,294.0,0.0,1504.2133356164384,281.0,63.0,0.0
0.0,0.0,113.1687242798354,-0.5777888686387216,-36.8312757201646,31.0,1547.32,0.0,204.0,0.5164869029275809,8.46,333.0,0.0,2378.75597260274,281.0,63.0,1.0
0.0,0.0832843425436018,11.659807956104252,-0.3668736568745356,-3.3401920438957475,35.0,1538.94,140.0,237.0,0.6160026414263702,7.393333333333333,291.5,0.0,2715.5995684931504,336.0,75.0,1.0
0.0,0.0,44.46730681298583,-0.51,9.467306812985832,41.0,1674.71,0.0,247.0,0.6461149020471055,8.1,230.0,0.0,2880.709302325581,338.0,81.0,1.0
1.0,0.0,160.6060606060606,-0.524,10.606060606060597,31.227477029670656,1547.32,0.0,129.0,0.5164869029275809,7.9,294.0,0.0,1504.2133356164384,281.0,63.0,0.0
0.0,0.0,45.2674897119342,0.349,10.267489711934203,36.0,1301.25,0.0,232.0,0.6531807175874973,7.0,259.0,0.0,2799.632229822161,273.0,93.0,1.0
1.0,0.0,234.34343434343435,-0.524,-65.65656565656565,31.227477029670656,1547.32,0.0,129.0,0.5164869029275809,7.9,294.0,0.0,1504.2133356164384,281.0,63.0,0.0
0.0,0.0,57.0,0.182,-3.0,41.0,1641.86,0.0,112.0,0.485362095531587,5.5,291.5,0.0,640.5787140902871,630.0,0.0,0.0
0.0,0.0,99.0,0.182,-51.0,71.0,1791.72,0.0,136.0,0.5,5.5,291.5,0.0,704.6132054794523,649.0,0.0,0.0
0.0,0.0,129.11522633744866,0.349,-10.88477366255134,36.0,1301.25,0.0,232.0,0.6531807175874973,7.0,259.0,0.0,2799.632229822161,273.0,93.0,1.0
1.0,0.0,303.7037037037037,-0.5210546484649512,3.7037037037036953,20.0,1524.77,0.0,120.0,0.6209699904615159,7.9,291.5,0.0,1393.206566347469,293.0,83.0,0.0
0.0,0.0,139.917695473251,-0.51,-0.0823045267489988,41.0,1674.71,0.0,247.0,0.6461149020471055,8.1,230.0,0.0,2880.709302325581,338.0,81.0,1.0
0.0,0.0,46.620000000000005,0.3109999999999999,1.6200000000000043,66.0,1451.31,0.0,120.0,0.4273607748184019,6.5,291.5,0.0,1193.284109589041,462.0,15.0,0.0
0.0,0.0,28.44,-0.552,-1.5599999999999987,100.32300305199568,1395.83,0.0,243.0,0.5627779000660357,8.3,324.84063359499675,20.0,2940.9774041095893,304.0,69.0,1.0
0.0,0.0,50.28409090909091,0.269495,5.2840909090909065,41.0,1532.13,0.0,244.0,0.4424169051287695,5.7,291.5,0.0,2405.908520547945,463.0,18.0,1.0
0.0,4.261363636363637,149.14772727272728,0.276,-0.8522727272727195,41.0,1503.56,35.0,253.0,0.3845770049159879,5.9,291.5,0.0,1726.333905608755,493.0,1.0,1.0
1.0,0.0,85.52188552188551,-0.5210546484649512,10.521885521885508,20.0,1524.77,0.0,120.0,0.6209699904615159,7.9,291.5,0.0,1393.206566347469,293.0,83.0,0.0
0.0,0.0,86.23417721518987,-0.448,-63.765822784810126,35.0,1389.46,0.0,202.0,0.5750311835057598,7.8,291.5,0.0,2348.1614520547946,289.0,74.0,1.0
0.0,0.0,168.0,0.182,18.0,71.0,1590.93,0.0,130.0,0.4807395993836671,5.5,291.5,0.0,705.51,624.0,0.0,0.0
0.0,2.709190672153635,162.5514403292181,-0.3668736568745356,-37.44855967078189,35.0,1538.94,60.0,237.0,0.6160026414263702,7.393333333333333,291.5,0.0,2715.5995684931504,336.0,75.0,1.0
1.0,0.0,400.0,-0.5210546484649512,0.0,20.0,1524.77,0.0,120.0,0.6209699904615159,7.9,291.5,0.0,1393.206566347469,293.0,83.0,0.0
0.0,0.0,114.19753086419746,-0.532,-35.80246913580254,53.0,1389.46,0.0,209.0,0.5750311835057598,8.3,291.5,83.0,2429.533383561644,289.0,74.0,1.0
0.0,0.0,78.255,0.3109999999999999,-11.745000000000005,66.0,1451.31,0.0,120.0,0.4273607748184019,6.5,291.5,0.0,1193.284109589041,462.0,15.0,0.0
0.0,0.0,101.0,-0.449,-49.0,41.0,1699.72,0.0,83.0,0.7457627118644068,7.7,291.5,0.0,1024.561095890411,319.0,105.0,0.0
0.0,3.835978835978836,115.07936507936508,0.3137,-14.920634920634924,59.3,1592.27,30.0,252.0,0.4160246533127889,6.0,291.5,0.0,1631.112229822161,540.0,0.0,1.0
0.0,0.0,59.25,-0.372,-20.75,41.0,1311.15,0.0,251.0,0.435270379338176,7.31,291.5,0.0,2505.120779753762,429.0,22.0,1.0
1.0,0.0,66.66666666666667,-0.524,-8.333333333333329,31.227477029670656,1547.32,0.0,123.0,0.5164869029275809,7.9,294.0,0.0,1434.2499246575342,281.0,63.0,0.0
0.0,0.0,36.0,0.182,-24.0,71.0,1791.72,0.0,136.0,0.5,5.5,291.5,0.0,704.6132054794523,649.0,0.0,0.0
1.0,0.0,145.45454545454533,-0.5210546484649512,-4.545454545454675,20.0,1524.77,0.0,120.0,0.6209699904615159,7.9,291.5,0.0,1393.206566347469,293.0,83.0,0.0
0.0,2.567117381932197,115.52028218694886,0.3137,-14.479717813051138,59.3,1592.27,45.0,252.0,0.4160246533127889,6.0,291.5,0.0,1631.112229822161,540.0,0.0,1.0
1.0,0.0,409.09090909090907,-0.524,184.0909090909091,31.227477029670656,1547.32,0.0,123.0,0.5164869029275809,7.9,294.0,0.0,1434.2499246575342,281.0,63.0,0.0
0.0,0.0,34.29355281207133,-0.5777888686387216,-0.7064471879286671,31.0,1547.32,0.0,204.0,0.5164869029275809,8.46,333.0,0.0,2378.75597260274,281.0,63.0,1.0
0.0,0.0,12.322816643804298,-0.51,0.3228166438042983,41.0,1674.71,0.0,247.0,0.6461149020471055,8.1,230.0,0.0,2880.709302325581,338.0,81.0,1.0
0.0,0.0,37.0,0.2395,-8.0,41.0,1447.72,0.0,110.0,0.4522342064714946,6.8,291.5,0.0,594.4883036935706,587.0,0.0,0.0
1.0,0.0,149.49494949494948,-0.524,-0.5050505050505194,31.227477029670656,1547.32,0.0,129.0,0.5164869029275809,7.9,294.0,0.0,1504.2133356164384,281.0,63.0,0.0
0.0,0.2661832908746488,37.26566072245083,-0.51,2.265660722450832,41.0,1674.71,140.0,247.0,0.6461149020471055,8.1,230.0,0.0,2880.709302325581,338.0,81.0,1.0
1.0,0.0,375.757575757576,-0.5210546484649512,-24.242424242424025,20.0,1524.77,0.0,120.0,0.6209699904615159,7.9,291.5,0.0,1393.206566347469,293.0,83.0,0.0
0.0,0.0,28.44,-0.552,-1.5599999999999987,100.32300305199568,1395.83,0.0,243.0,0.5627779000660357,8.3,324.84063359499675,20.0,2940.9774041095893,304.0,69.0,1.0
0.0,0.0,49.16666666666666,-0.372,9.166666666666655,41.0,1311.15,0.0,251.0,0.435270379338176,7.31,291.5,0.0,2505.120779753762,429.0,22.0,1.0
1.0,0.0,170.7070707070707,-0.524,-29.2929292929293,31.227477029670656,1547.32,0.0,129.0,0.5164869029275809,7.9,294.0,0.0,1504.2133356164384,281.0,63.0,0.0
1.0,0.0,307.07070707070704,-0.524,7.070707070707044,31.227477029670656,1547.32,0.0,123.0,0.5164869029275809,7.9,294.0,0.0,1434.2499246575342,281.0,63.0,0.0
1.0,0.0,143.43434343434333,-0.5210546484649512,-6.565656565656667,20.0,1524.77,0.0,120.0,0.6209699904615159,7.9,291.5,0.0,1393.206566347469,293.0,83.0,0.0
0.0,1.2622549020833334,151.47058825,-0.3739999999999999,26.47058824999999,42.0,1292.01,120.0,251.0,0.409289016068677,7.31,291.5,0.0,2194.1571887824894,420.0,18.0,1.0
1.0,0.0,198.65319865319867,-0.5210546484649512,-26.34680134680133,20.0,1524.77,0.0,120.0,0.6209699904615159,7.9,291.5,0.0,1393.206566347469,293.0,83.0,0.0
1.0,0.0,306.73400673400664,-0.5210546484649512,6.734006734006641,20.0,1524.77,0.0,120.0,0.6209699904615159,7.9,291.5,0.0,1393.206566347469,293.0,83.0,0.0
0.0,0.0,18.0,0.182,-2.0,41.0,1641.86,0.0,112.0,0.485362095531587,5.5,291.5,0.0,640.5787140902871,630.0,0.0,0.0
1.0,0.0,325.9259259259257,-0.5210546484649512,25.925925925925696,20.0,1524.77,0.0,120.0,0.6209699904615159,7.9,291.5,0.0,1393.206566347469,293.0,83.0,0.0
1.0,0.0,302.3569023569023,-0.5210546484649512,2.35690235690231,20.0,1524.77,0.0,120.0,0.6209699904615159,7.9,291.5,0.0,1393.206566347469,293.0,83.0,0.0
0.0,0.0,145.57613168724265,0.349,5.5761316872426505,36.0,1301.25,0.0,232.0,0.6531807175874973,7.0,259.0,0.0,2799.632229822161,273.0,93.0,1.0
0.0,0.0,169.64285714285714,0.278,-40.35714285714286,41.0,1454.85,0.0,233.0,0.3657348301416098,6.0,291.5,0.0,1888.0984473324213,450.0,4.0,1.0
0.0,0.9210268469527728,41.44620811287478,0.3137,1.4462081128747784,59.3,1592.27,45.0,252.0,0.4160246533127889,6.0,291.5,0.0,1631.112229822161,540.0,0.0,1.0
1.0,0.0,192.59259259259267,-0.5210546484649512,-7.407407407407334,20.0,1524.77,0.0,120.0,0.6209699904615159,7.9,291.5,0.0,1393.206566347469,293.0,83.0,0.0
0.0,0.1567705271408974,21.94787379972565,-0.3668736568745356,-8.052126200274351,35.0,1538.94,140.0,237.0,0.6160026414263702,7.393333333333333,291.5,0.0,2715.5995684931504,336.0,75.0,1.0
1.0,0.0,195.959595959596,-0.5210546484649512,-29.040404040404013,20.0,1524.77,0.0,120.0,0.6209699904615159,7.9,291.5,0.0,1393.206566347469,293.0,83.0,0.0
0.0,0.0,128.08641975308632,-0.51,-11.913580246913682,41.0,1674.71,0.0,247.0,0.6461149020471055,8.1,230.0,0.0,2880.709302325581,338.0,81.0,1.0
0.0,0.824,115.36,-0.552,-24.64,100.32300305199568,1395.83,140.0,243.0,0.5627779000660357,8.3,324.84063359499675,20.0,2940.9774041095893,304.0,69.0,1.0
0.0,0.0,13.031550068587103,-0.51,1.0315500685871033,41.0,1674.71,0.0,247.0,0.6461149020471055,8.1,230.0,0.0,2880.709302325581,338.0,81.0,1.0
0.0,0.0,93.0,0.182,-57.0,41.0,1641.86,0.0,112.0,0.485362095531587,5.5,291.5,0.0,640.5787140902871,630.0,0.0,0.0
0.0,0.0,158.49673204444446,-0.3739999999999999,33.49673204444446,19.0,1272.91,0.0,256.0,0.3942989214175655,7.31,291.5,0.0,2190.395616438356,382.0,21.0,1.0
0.0,0.0,32.77777777777777,0.25676,-12.222222222222229,41.0,1326.96,0.0,231.0,0.4662190916428205,6.0,291.5,0.0,2291.569047945205,395.0,34.0,1.0
0.0,0.0,12.139917695473253,0.349,0.1399176954732528,36.0,1301.25,0.0,232.0,0.6531807175874973,7.0,259.0,0.0,2799.632229822161,273.0,93.0,1.0
1.0,0.0,271.7171717171717,-0.524,-28.28282828282829,31.227477029670656,1547.32,0.0,129.0,0.5164869029275809,7.9,294.0,0.0,1504.2133356164384,281.0,63.0,0.0
0.0,0.8230452674897119,115.22633744855966,-0.532,-34.77366255144034,53.0,1389.46,140.0,209.0,0.5750311835057598,8.3,291.5,83.0,2429.533383561644,289.0,74.0,1.0
1.0,0.0,142.42424242424244,-0.524,-7.575757575757564,31.227477029670656,1547.32,0.0,129.0,0.5164869029275809,7.9,294.0,0.0,1504.2133356164384,281.0,63.0,0.0
1.0,0.0,67.67676767676767,-0.524,-7.323232323232332,31.227477029670656,1547.32,0.0,129.0,0.5164869029275809,7.9,294.0,0.0,1504.2133356164384,281.0,63.0,0.0
0.0,0.0,120.02743484224963,-0.5777888686387216,-29.972565157750367,31.0,1547.32,0.0,204.0,0.5164869029275809,8.46,333.0,0.0,2378.75597260274,281.0,63.0,1.0
0.0,3.530092592592592,105.90277777777776,0.3142,-24.097222222222243,64.5,1636.91,30.0,241.0,0.4375889647076088,6.3,291.5,0.0,2317.0895479452056,500.0,11.0,1.0
0.0,0.0,184.49931412894367,-0.3668736568745356,-15.500685871056334,35.0,1538.94,0.0,237.0,0.6160026414263702,7.393333333333333,291.5,0.0,2715.5995684931504,336.0,75.0,1.0
0.0,0.0,56.927297668038406,-0.5777888686387216,-13.072702331961594,31.0,1547.32,0.0,204.0,0.5164869029275809,8.46,333.0,0.0,2378.75597260274,281.0,63.0,1.0
0.0,0.0,95.83333333333331,-0.372,-29.16666666666669,41.0,1311.15,0.0,251.0,0.435270379338176,7.31,291.5,0.0,2505.120779753762,429.0,22.0,1.0
0.0,0.0,137.860082304527,0.349,-2.1399176954730024,36.0,1301.25,0.0,232.0,0.6531807175874973,7.0,259.0,0.0,2799.632229822161,273.0,93.0,1.0
1.0,0.0,192.59259259259267,-0.5210546484649512,-7.407407407407334,20.0,1524.77,0.0,120.0,0.6209699904615159,7.9,291.5,0.0,1393.206566347469,293.0,83.0,0.0
0.0,0.0,121.91358024691358,-0.51,-18.086419753086417,41.0,1674.71,0.0,247.0,0.6461149020471055,8.1,230.0,0.0,2880.709302325581,338.0,81.0,1.0
0.0,1.372,82.32000000000001,-0.552,-57.67999999999999,100.32300305199568,1395.83,60.0,243.0,0.5627779000660357,8.3,324.84063359499675,20.0,2940.9774041095893,304.0,69.0,1.0
0.0,1.14464,114.464,-0.526,-25.536,45.2,1401.49,100.0,238.0,0.6559835644581408,8.0,332.7188745600972,0.0,2790.724424657535,289.0,91.0,1.0
0.0,2.7434842249657065,123.4567901234568,0.3137,-6.543209876543202,59.3,1592.27,45.0,252.0,0.4160246533127889,6.0,291.5,0.0,1631.112229822161,540.0,0.0,1.0
0.0,0.1997142857142857,27.96,-0.552,-2.039999999999999,100.32300305199568,1395.83,140.0,243.0,0.5627779000660357,8.3,324.84063359499675,20.0,2940.9774041095893,304.0,69.0,1.0
0.0,0.0,126.028806584362,-0.51,-13.971193415637998,41.0,1674.71,0.0,247.0,0.6461149020471055,8.1,230.0,0.0,2880.709302325581,338.0,81.0,1.0
0.0,0.0,45.9533607681756,-0.51,10.9533607681756,41.0,1674.71,0.0,247.0,0.6461149020471055,8.1,230.0,0.0,2880.709302325581,338.0,81.0,1.0
0.0,0.4311189496374681,38.80070546737213,0.3137,-1.1992945326278672,59.3,1592.27,90.0,252.0,0.4160246533127889,6.0,291.5,0.0,1631.112229822161,540.0,0.0,1.0
1.0,0.0,281.8181818181818,-0.524,81.81818181818181,31.227477029670656,1547.32,0.0,123.0,0.5164869029275809,7.9,294.0,0.0,1434.2499246575342,281.0,63.0,0.0
1.0,0.0,182.8282828282828,-0.524,-42.171717171717205,31.227477029670656,1547.32,0.0,123.0,0.5164869029275809,7.9,294.0,0.0,1434.2499246575342,281.0,63.0,0.0
0.0,1.337,106.96,-0.552,-33.040000000000006,100.32300305199568,1395.83,80.0,243.0,0.5627779000660357,8.3,324.84063359499675,20.0,2940.9774041095893,304.0,69.0,1.0
0.0,0.0,37.0,0.2395,-8.0,41.0,1447.72,0.0,110.0,0.4522342064714946,6.8,291.5,0.0,594.4883036935706,587.0,0.0,0.0
0.0,0.9883891828336286,138.374485596708,-0.51,-1.6255144032919873,41.0,1674.71,140.0,247.0,0.6461149020471055,8.1,230.0,0.0,2880.709302325581,338.0,81.0,1.0
1.0,0.0,58.5858585858586,-0.5210546484649512,-16.414141414141397,20.0,1524.77,0.0,120.0,0.6209699904615159,7.9,291.5,0.0,1393.206566347469,293.0,83.0,0.0
0.0,0.0,13.88888888888889,0.349,1.8888888888888893,36.0,1301.25,0.0,232.0,0.6531807175874973,7.0,259.0,0.0,2799.632229822161,273.0,93.0,1.0
1.0,0.0,231.3131313131313,-0.524,6.313131313131294,31.227477029670656,1547.32,0.0,129.0,0.5164869029275809,7.9,294.0,0.0,1504.2133356164384,281.0,63.0,0.0
0.0,1.1904761904761905,166.66666666666666,-0.3668736568745356,-33.33333333333334,35.0,1538.94,140.0,237.0,0.6160026414263702,7.393333333333333,291.5,0.0,2715.5995684931504,336.0,75.0,1.0
0.0,0.0,120.02743484224963,-0.5777888686387216,-29.972565157750367,31.0,1547.32,0.0,204.0,0.5164869029275809,8.46,333.0,0.0,2378.75597260274,281.0,63.0,1.0
0.0,1.0620915033333334,148.69281046666666,-0.3739999999999999,23.692810466666657,19.0,1272.91,140.0,256.0,0.3942989214175655,7.31,291.5,0.0,2190.395616438356,382.0,21.0,1.0
0.0,0.0,45.679012345679,0.349,10.679012345678998,36.0,1301.25,0.0,232.0,0.6531807175874973,7.0,259.0,0.0,2799.632229822161,273.0,93.0,1.0
1.0,0.0,217.1717171717172,-0.524,-7.828282828282795,31.227477029670656,1547.32,0.0,123.0,0.5164869029275809,7.9,294.0,0.0,1434.2499246575342,281.0,63.0,0.0
0.0,0.3676470588333334,44.11764706,-0.3739999999999999,4.117647060000003,42.0,1292.01,120.0,251.0,0.409289016068677,7.31,291.5,0.0,2194.1571887824894,420.0,18.0,1.0
0.0,1.2100725063688027,108.90652557319224,0.3137,-21.09347442680776,59.3,1592.27,90.0,252.0,0.4160246533127889,6.0,291.5,0.0,1631.112229822161,540.0,0.0,1.0
0.0,0.0,32.92181069958848,-0.5777888686387216,-2.078189300411524,31.0,1547.32,0.0,204.0,0.5164869029275809,8.46,333.0,0.0,2378.75597260274,281.0,63.0,1.0
0.0,0.411522633744856,24.69135802469136,-0.3668736568745356,-5.308641975308639,35.0,1538.94,60.0,237.0,0.6160026414263702,7.393333333333333,291.5,0.0,2715.5995684931504,336.0,75.0,1.0
0.0,0.0,128.60082304526748,0.349,-11.399176954732525,36.0,1301.25,0.0,232.0,0.6531807175874973,7.0,259.0,0.0,2799.632229822161,273.0,93.0,1.0
1.0,0.0,218.1818181818182,-0.524,-6.818181818181813,31.227477029670656,1547.32,0.0,123.0,0.5164869029275809,7.9,294.0,0.0,1434.2499246575342,281.0,63.0,0.0
1.0,0.0,306.060606060606,-0.5210546484649512,6.0606060606060055,20.0,1524.77,0.0,120.0,0.6209699904615159,7.9,291.5,0.0,1393.206566347469,293.0,83.0,0.0
0.0,0.0,59.75,-0.372,-20.25,41.0,1311.15,0.0,251.0,0.435270379338176,7.31,291.5,0.0,2505.120779753762,429.0,22.0,1.0
0.0,0.0,45.0,0.25676,5.0,71.0,1451.31,0.0,118.0,0.4273607748184019,6.0,291.5,105.0,1173.3960410958905,462.0,15.0,0.0
0.0,0.0,37.0,0.2395,-8.0,41.0,1447.72,0.0,110.0,0.4522342064714946,6.8,291.5,0.0,594.4883036935706,587.0,0.0,0.0
0.0,0.0,120.3703703703704,-0.51,-19.629629629629605,41.0,1674.71,0.0,247.0,0.6461149020471055,8.1,230.0,0.0,2880.709302325581,338.0,81.0,1.0
0.0,0.2657750342935528,15.946502057613168,-0.3668736568745356,0.9465020576131682,35.0,1538.94,60.0,237.0,0.6160026414263702,7.393333333333333,291.5,0.0,2715.5995684931504,336.0,75.0,1.0
0.0,0.0,11.831275720164609,-0.3668736568745356,-3.1687242798353914,35.0,1538.94,0.0,237.0,0.6160026414263702,7.393333333333333,291.5,0.0,2715.5995684931504,336.0,75.0,1.0
0.0,1.0508524397413286,147.119341563786,-0.532,-2.8806584362139915,53.0,1389.46,140.0,209.0,0.5750311835057598,8.3,291.5,83.0,2429.533383561644,289.0,74.0,1.0
1.0,0.0,403.3670033670033,-0.5210546484649512,3.367003367003292,20.0,1524.77,0.0,120.0,0.6209699904615159,7.9,291.5,0.0,1393.206566347469,293.0,83.0,0.0
1.0,0.0,148.48484848484847,-0.524,-1.5151515151515298,31.227477029670656,1547.32,0.0,123.0,0.5164869029275809,7.9,294.0,0.0,1434.2499246575342,281.0,63.0,0.0
0.0,0.0,121.0,0.2395,-29.0,41.0,1447.72,0.0,110.0,0.4522342064714946,6.8,291.5,0.0,594.4883036935706,587.0,0.0,0.0
0.0,0.0,46.5,0.21325,1.5,41.0,1488.12,0.0,134.0,0.4279991195245433,6.5,291.5,0.0,1008.1811232876712,537.0,3.0,0.0
0.0,0.0,136.31687242798353,0.349,-3.683127572016474,36.0,1301.25,0.0,232.0,0.6531807175874973,7.0,259.0,0.0,2799.632229822161,273.0,93.0,1.0
0.0,0.0,22.11934156378601,-0.3668736568745356,-7.880658436213991,35.0,1538.94,0.0,237.0,0.6160026414263702,7.393333333333333,291.5,0.0,2715.5995684931504,336.0,75.0,1.0
0.0,0.0,36.0,0.182,-24.0,71.0,1791.72,0.0,136.0,0.5,5.5,291.5,0.0,704.6132054794523,649.0,0.0,0.0
1.0,0.0,204.71380471380468,-0.5210546484649512,4.713804713804677,20.0,1524.77,0.0,120.0,0.6209699904615159,7.9,291.5,0.0,1393.206566347469,293.0,83.0,0.0
0.0,0.0,35.0,0.182,-10.0,71.0,1590.93,0.0,130.0,0.4807395993836671,5.5,291.5,0.0,705.51,624.0,0.0,0.0
0.0,0.0,28.44,-0.552,-1.5599999999999987,100.32300305199568,1395.83,0.0,243.0,0.5627779000660357,8.3,324.84063359499675,20.0,2940.9774041095893,304.0,69.0,1.0
0.0,1.3031550068587106,104.25240054869684,-0.3668736568745356,4.252400548696841,35.0,1538.94,80.0,237.0,0.6160026414263702,7.393333333333333,291.5,0.0,2715.5995684931504,336.0,75.0,1.0
0.0,0.0,55.55555555555557,0.349,20.55555555555557,36.0,1301.25,0.0,232.0,0.6531807175874973,7.0,259.0,0.0,2799.632229822161,273.0,93.0,1.0
0.0,2.504208754208754,112.68939393939392,0.3142,-17.310606060606077,64.5,1636.91,45.0,241.0,0.4375889647076088,6.3,291.5,0.0,2317.0895479452056,500.0,11.0,1.0
1.0,0.0,287.8787878787879,-0.524,-12.121212121212125,31.227477029670656,1547.32,0.0,129.0,0.5164869029275809,7.9,294.0,0.0,1504.2133356164384,281.0,63.0,0.0
0.0,0.0,121.0,0.2395,-29.0,41.0,1447.72,0.0,110.0,0.4522342064714946,6.8,291.5,0.0,594.4883036935706,587.0,0.0,0.0
0.0,0.1997142857142857,27.96,-0.552,-2.039999999999999,100.32300305199568,1395.83,140.0,243.0,0.5627779000660357,8.3,324.84063359499675,20.0,2940.9774041095893,304.0,69.0,1.0
0.0,0.0,12.962962962962962,0.349,0.962962962962962,36.0,1301.25,0.0,232.0,0.6531807175874973,7.0,259.0,0.0,2799.632229822161,273.0,93.0,1.0
0.0,0.0,152.3475,0.3109999999999999,2.3474999999999966,76.0,1255.58,0.0,123.0,0.4157311614938733,6.7,291.5,0.0,1214.2337893296856,416.0,20.0,0.0
1.0,0.0,137.7104377104375,-0.5210546484649512,-12.289562289562497,20.0,1524.77,0.0,120.0,0.6209699904615159,7.9,291.5,0.0,1393.206566347469,293.0,83.0,0.0
0.0,0.445864898989899,32.10227272727273,0.276,5.102272727272727,41.0,1503.56,72.0,253.0,0.3845770049159879,5.9,291.5,0.0,1726.333905608755,493.0,1.0,1.0
0.0,0.0,156.94444444444426,0.25676,6.944444444444258,41.0,1326.96,0.0,231.0,0.4662190916428205,6.0,291.5,0.0,2291.569047945205,395.0,34.0,1.0
0.0,0.0,12.551440329218106,0.349,0.5514403292181065,36.0,1301.25,0.0,232.0,0.6531807175874973,7.0,259.0,0.0,2799.632229822161,273.0,93.0,1.0
0.0,1.1268939393939392,33.80681818181818,0.269495,6.80681818181818,41.0,1532.13,30.0,244.0,0.4424169051287695,5.7,291.5,0.0,2405.908520547945,463.0,18.0,1.0
1.0,0.0,220.20202020202,-0.5210546484649512,-4.797979797979991,20.0,1524.77,0.0,120.0,0.6209699904615159,7.9,291.5,0.0,1393.206566347469,293.0,83.0,0.0
0.0,0.2591036414682539,36.27450980555555,-0.3739999999999999,-3.725490194444447,19.0,1272.91,140.0,256.0,0.3942989214175655,7.31,291.5,0.0,2190.395616438356,382.0,21.0,1.0
0.0,1.4233841686296296,128.10457517666666,-0.3739999999999999,3.104575176666657,19.0,1272.91,90.0,256.0,0.3942989214175655,7.31,291.5,0.0,2190.395616438356,382.0,21.0,1.0
0.0,0.0,92.66666666666669,-0.372,12.666666666666686,41.0,1311.15,0.0,251.0,0.435270379338176,7.31,291.5,0.0,2505.120779753762,429.0,22.0,1.0
0.0,0.0,118.82716049382734,-0.51,-21.172839506172664,41.0,1674.71,0.0,247.0,0.6461149020471055,8.1,230.0,0.0,2880.709302325581,338.0,81.0,1.0
1.0,0.0,294.949494949495,-0.5210546484649512,-5.050505050505024,20.0,1524.77,0.0,120.0,0.6209699904615159,7.9,291.5,0.0,1393.206566347469,293.0,83.0,0.0
0.0,0.4103535353535353,29.545454545454547,0.276,2.5454545454545467,41.0,1503.56,72.0,253.0,0.3845770049159879,5.9,291.5,0.0,1726.333905608755,493.0,1.0,1.0
0.0,0.0,18.0,0.2395,-2.0,41.0,1447.72,0.0,110.0,0.4522342064714946,6.8,291.5,0.0,594.4883036935706,587.0,0.0,0.0
1.0,0.0,216.16161616161617,-0.524,-8.838383838383834,31.227477029670656,1547.32,0.0,129.0,0.5164869029275809,7.9,294.0,0.0,1504.2133356164384,281.0,63.0,0.0
0.0,0.0,35.4366712391404,-0.51,0.4366712391404022,41.0,1674.71,0.0,247.0,0.6461149020471055,8.1,230.0,0.0,2880.709302325581,338.0,81.0,1.0
1.0,0.0,59.93265993265993,-0.5210546484649512,-15.06734006734007,20.0,1524.77,0.0,120.0,0.6209699904615159,7.9,291.5,0.0,1393.206566347469,293.0,83.0,0.0
0.0,0.0,106.2610229276896,0.3137,-23.738977072310405,59.3,1592.27,0.0,252.0,0.4160246533127889,6.0,291.5,0.0,1631.112229822161,540.0,0.0,1.0
0.0,0.0,121.0,0.2395,-29.0,41.0,1447.72,0.0,110.0,0.4522342064714946,6.8,291.5,0.0,594.4883036935706,587.0,0.0,0.0
0.0,0.0,114.722222222222,0.25676,24.722222222222,41.0,1326.96,0.0,231.0,0.4662190916428205,6.0,291.5,0.0,2291.569047945205,395.0,34.0,1.0
0.0,0.0,99.0,0.182,-51.0,71.0,1791.72,0.0,136.0,0.5,5.5,291.5,0.0,704.6132054794523,649.0,0.0,0.0
1.0,0.0,258.5858585858586,-0.524,-41.4141414141414,31.227477029670656,1547.32,0.0,129.0,0.5164869029275809,7.9,294.0,0.0,1504.2133356164384,281.0,63.0,0.0
0.0,0.0,33.0,0.25676,-7.0,22.0,1643.07,0.0,102.0,0.4221879815100154,6.0,70.0,105.0,792.537904109589,548.0,0.0,0.0
1.0,0.0,81.81818181818181,-0.524,6.818181818181813,31.227477029670656,1547.32,0.0,129.0,0.5164869029275809,7.9,294.0,0.0,1504.2133356164384,281.0,63.0,0.0
1.0,0.0,146.80134680134665,-0.5210546484649512,-3.1986531986533464,20.0,1524.77,0.0,120.0,0.6209699904615159,7.9,291.5,0.0,1393.206566347469,293.0,83.0,0.0
0.0,0.0,89.79430379746836,-0.448,-60.20569620253164,35.0,1389.46,0.0,202.0,0.5750311835057598,7.8,291.5,0.0,2348.1614520547946,289.0,74.0,1.0
1.0,0.0,275.7575757575757,-0.524,-24.242424242424303,31.227477029670656,1547.32,0.0,123.0,0.5164869029275809,7.9,294.0,0.0,1434.2499246575342,281.0,63.0,0.0
0.0,0.0,18.0,0.182,-2.0,41.0,1641.86,0.0,112.0,0.485362095531587,5.5,291.5,0.0,640.5787140902871,630.0,0.0,0.0
0.0,0.464,27.84,-0.552,-2.16,100.32300305199568,1395.83,60.0,243.0,0.5627779000660357,8.3,324.84063359499675,20.0,2940.9774041095893,304.0,69.0,1.0
1.0,0.0,153.53535353535352,-0.524,3.535353535353522,31.227477029670656,1547.32,0.0,123.0,0.5164869029275809,7.9,294.0,0.0,1434.2499246575342,281.0,63.0,0.0
1.0,0.0,115.15151515151516,-0.524,-34.848484848484844,31.227477029670656,1547.32,0.0,123.0,0.5164869029275809,7.9,294.0,0.0,1434.2499246575342,281.0,63.0,0.0
0.0,0.2029035208047554,12.174211248285324,-0.3668736568745356,-2.825788751714676,35.0,1538.94,60.0,237.0,0.6160026414263702,7.393333333333333,291.5,0.0,2715.5995684931504,336.0,75.0,1.0
0.0,0.0,121.0,0.2395,-29.0,41.0,1447.72,0.0,110.0,0.4522342064714946,6.8,291.5,0.0,594.4883036935706,587.0,0.0,0.0
0.0,0.0832843425436018,11.659807956104252,-0.3668736568745356,-3.3401920438957475,35.0,1538.94,140.0,237.0,0.6160026414263702,7.393333333333333,291.5,0.0,2715.5995684931504,336.0,75.0,1.0
1.0,0.0,356.90235690235664,-0.5210546484649512,-43.09764309764336,20.0,1524.77,0.0,120.0,0.6209699904615159,7.9,291.5,0.0,1393.206566347469,293.0,83.0,0.0
1.0,0.0,135.35353535353534,-0.524,-14.646464646464665,31.227477029670656,1547.32,0.0,123.0,0.5164869029275809,7.9,294.0,0.0,1434.2499246575342,281.0,63.0,0.0
0.0,0.0,49.7942386831276,0.349,14.794238683127602,36.0,1301.25,0.0,232.0,0.6531807175874973,7.0,259.0,0.0,2799.632229822161,273.0,93.0,1.0
0.0,0.1997142857142857,27.96,-0.552,-2.039999999999999,100.32300305199568,1395.83,140.0,243.0,0.5627779000660357,8.3,324.84063359499675,20.0,2940.9774041095893,304.0,69.0,1.0
1.0,0.0,82.82828282828284,-0.5210546484649512,7.828282828282838,20.0,1524.77,0.0,120.0,0.6209699904615159,7.9,291.5,0.0,1393.206566347469,293.0,83.0,0.0
0.0,0.74,103.6,-0.552,-36.400000000000006,100.32300305199568,1395.83,140.0,243.0,0.5627779000660357,8.3,324.84063359499675,20.0,2940.9774041095893,304.0,69.0,1.0
0.0,0.0,99.0,0.182,-51.0,71.0,1791.72,0.0,136.0,0.5,5.5,291.5,0.0,704.6132054794523,649.0,0.0,0.0
0.0,0.0,133.7448559670782,-0.51,-6.255144032921805,41.0,1674.71,0.0,247.0,0.6461149020471055,8.1,230.0,0.0,2880.709302325581,338.0,81.0,1.0
0.0,3.4598214285714284,138.39285714285714,0.278,-11.60714285714286,41.0,1454.85,40.0,233.0,0.3657348301416098,6.0,291.5,0.0,1888.0984473324213,450.0,4.0,1.0
0.0,1.600365797896662,96.02194787379972,-0.3668736568745356,-3.978052126200282,35.0,1538.94,60.0,237.0,0.6160026414263702,7.393333333333333,291.5,0.0,2715.5995684931504,336.0,75.0,1.0
0.0,1.6666666666666667,50.0,0.269495,5.0,41.0,1532.13,30.0,244.0,0.4424169051287695,5.7,291.5,0.0,2405.908520547945,463.0,18.0,1.0
1.0,0.0,162.62626262626262,-0.524,12.626262626262616,31.227477029670656,1547.32,0.0,129.0,0.5164869029275809,7.9,294.0,0.0,1504.2133356164384,281.0,63.0,0.0
1.0,0.0,396.969696969697,-0.524,246.969696969697,31.227477029670656,1547.32,0.0,123.0,0.5164869029275809,7.9,294.0,0.0,1434.2499246575342,281.0,63.0,0.0
1.0,0.0,159.59595959595958,-0.524,9.595959595959584,31.227477029670656,1547.32,0.0,129.0,0.5164869029275809,7.9,294.0,0.0,1504.2133356164384,281.0,63.0,0.0
1.0,0.0,65.993265993266,-0.5210546484649512,-9.006734006734007,20.0,1524.77,0.0,120.0,0.6209699904615159,7.9,291.5,0.0,1393.206566347469,293.0,83.0,0.0
0.0,0.0,132.71604938271605,-0.3668736568745356,-17.28395061728395,35.0,1538.94,0.0,237.0,0.6160026414263702,7.393333333333333,291.5,0.0,2715.5995684931504,336.0,75.0,1.0
1.0,0.0,137.037037037037,-0.5210546484649512,-12.96296296296299,20.0,1524.77,0.0,120.0,0.6209699904615159,7.9,291.5,0.0,1393.206566347469,293.0,83.0,0.0
0.0,0.0,41.0379515317787,-0.51,6.037951531778703,41.0,1674.71,0.0,247.0,0.6461149020471055,8.1,230.0,0.0,2880.709302325581,338.0,81.0,1.0
0.0,1.1133156966490312,155.86419753086437,-0.51,15.864197530864374,41.0,1674.71,140.0,247.0,0.6461149020471055,8.1,230.0,0.0,2880.709302325581,338.0,81.0,1.0
1.0,0.0,185.85858585858583,-0.524,-14.141414141414174,31.227477029670656,1547.32,0.0,123.0,0.5164869029275809,7.9,294.0,0.0,1434.2499246575342,281.0,63.0,0.0
1.0,0.0,286.19528619528614,-0.5210546484649512,-13.804713804713856,20.0,1524.77,0.0,120.0,0.6209699904615159,7.9,291.5,0.0,1393.206566347469,293.0,83.0,0.0
1.0,0.0,253.53535353535352,-0.524,-46.46464646464648,31.227477029670656,1547.32,0.0,129.0,0.5164869029275809,7.9,294.0,0.0,1504.2133356164384,281.0,63.0,0.0
0.0,0.0,133.23045267489698,-0.51,-6.769547325103019,41.0,1674.71,0.0,247.0,0.6461149020471055,8.1,230.0,0.0,2880.709302325581,338.0,81.0,1.0
0.0,0.0,168.0,0.182,18.0,71.0,1590.93,0.0,130.0,0.4807395993836671,5.5,291.5,0.0,705.51,624.0,0.0,0.0
0.0,0.0,153.125,0.269495,-56.875,41.0,1532.13,0.0,244.0,0.4424169051287695,5.7,291.5,0.0,2405.908520547945,463.0,18.0,1.0
0.0,0.0,14.19753086419753,0.349,2.19753086419753,36.0,1301.25,0.0,232.0,0.6531807175874973,7.0,259.0,0.0,2799.632229822161,273.0,93.0,1.0
0.0,0.0,36.35116598079561,-0.5777888686387216,1.3511659807956065,31.0,1547.32,0.0,204.0,0.5164869029275809,8.46,333.0,0.0,2378.75597260274,281.0,63.0,1.0
1.0,0.0,80.13468013468014,-0.5210546484649512,5.1346801346801385,20.0,1524.77,0.0,120.0,0.6209699904615159,7.9,291.5,0.0,1393.206566347469,293.0,83.0,0.0
0.0,0.318,25.44,-0.552,-4.559999999999999,100.32300305199568,1395.83,80.0,243.0,0.5627779000660357,8.3,324.84063359499675,20.0,2940.9774041095893,304.0,69.0,1.0
0.0,0.4003267973888889,48.039215686666665,-0.3739999999999999,8.039215686666665,42.0,1292.01,120.0,251.0,0.409289016068677,7.31,291.5,0.0,2194.1571887824894,420.0,18.0,1.0
0.0,0.0,137.34567901234533,-0.51,-2.654320987654671,41.0,1674.71,0.0,247.0,0.6461149020471055,8.1,230.0,0.0,2880.709302325581,338.0,81.0,1.0
0.0,0.0,56.5,-0.449,6.5,41.0,1699.72,0.0,83.0,0.7457627118644068,7.7,291.5,0.0,1024.561095890411,319.0,105.0,0.0
0.0,0.0,27.0,0.182,7.0,71.0,1791.72,0.0,136.0,0.5,5.5,291.5,0.0,704.6132054794523,649.0,0.0,0.0
0.0,0.0,35.0,0.182,-10.0,71.0,1590.93,0.0,130.0,0.4807395993836671,5.5,291.5,0.0,705.51,624.0,0.0,0.0
0.0,0.0,168.0,0.182,18.0,71.0,1590.93,0.0,130.0,0.4807395993836671,5.5,291.5,0.0,705.51,624.0,0.0,0.0
1.0,0.0,287.8787878787879,-0.524,-12.121212121212125,31.227477029670656,1547.32,0.0,123.0,0.5164869029275809,7.9,294.0,0.0,1434.2499246575342,281.0,63.0,0.0
0.0,1.652,99.12,-0.552,-40.88,100.32300305199568,1395.83,60.0,243.0,0.5627779000660357,8.3,324.84063359499675,20.0,2940.9774041095893,304.0,69.0,1.0
0.0,0.464,27.84,-0.552,-2.16,100.32300305199568,1395.83,60.0,243.0,0.5627779000660357,8.3,324.84063359499675,20.0,2940.9774041095893,304.0,69.0,1.0
0.0,2.083333333333333,62.5,-0.3739999999999999,10.5,42.0,1292.01,30.0,251.0,0.409289016068677,7.31,291.5,0.0,2194.1571887824894,420.0,18.0,1.0
0.0,0.0,127.05761316872427,0.349,-12.942386831275726,36.0,1301.25,0.0,232.0,0.6531807175874973,7.0,259.0,0.0,2799.632229822161,273.0,93.0,1.0
0.0,0.0,117.283950617284,-0.51,-22.716049382716,41.0,1674.71,0.0,247.0,0.6461149020471055,8.1,230.0,0.0,2880.709302325581,338.0,81.0,1.0
1.0,0.0,188.88888888888889,-0.524,-11.111111111111114,31.227477029670656,1547.32,0.0,129.0,0.5164869029275809,7.9,294.0,0.0,1504.2133356164384,281.0,63.0,0.0
0.0,2.2890946502057616,183.12757201646093,-0.3668736568745356,-16.87242798353907,35.0,1538.94,80.0,237.0,0.6160026414263702,7.393333333333333,291.5,0.0,2715.5995684931504,336.0,75.0,1.0
0.0,4.001623376623376,140.0568181818182,0.276,-9.943181818181811,41.0,1503.56,35.0,253.0,0.3845770049159879,5.9,291.5,0.0,1726.333905608755,493.0,1.0,1.0
0.0,1.9520308123571428,136.642156865,-0.3739999999999999,11.642156865000004,42.0,1292.01,70.0,251.0,0.409289016068677,7.31,291.5,0.0,2194.1571887824894,420.0,18.0,1.0
0.0,0.0,136.4883401920439,-0.5777888686387216,-13.511659807956107,31.0,1547.32,0.0,204.0,0.5164869029275809,8.46,333.0,0.0,2378.75597260274,281.0,63.0,1.0
0.0,0.0,153.80658436214,0.349,13.80658436214,36.0,1301.25,0.0,232.0,0.6531807175874973,7.0,259.0,0.0,2799.632229822161,273.0,93.0,1.0
1.0,0.0,233.3333333333333,-0.524,-66.66666666666671,31.227477029670656,1547.32,0.0,129.0,0.5164869029275809,7.9,294.0,0.0,1504.2133356164384,281.0,63.0,0.0
0.0,0.0,168.0,0.182,18.0,71.0,1590.93,0.0,130.0,0.4807395993836671,5.5,291.5,0.0,705.51,624.0,0.0,0.0
0.0,0.3151260504285714,44.11764706,-0.3739999999999999,4.117647060000003,19.0,1272.91,140.0,256.0,0.3942989214175655,7.31,291.5,0.0,2190.395616438356,382.0,21.0,1.0
0.0,0.0,44.16666666666665,0.25676,-18.83333333333335,41.0,1326.96,0.0,231.0,0.4662190916428205,6.0,291.5,0.0,2291.569047945205,395.0,34.0,1.0
0.0,0.0,117.6,-0.552,-22.40000000000001,100.32300305199568,1395.83,0.0,243.0,0.5627779000660357,8.3,324.84063359499675,20.0,2940.9774041095893,304.0,69.0,1.0
1.0,0.0,211.11111111111111,-0.524,11.111111111111114,31.227477029670656,1547.32,0.0,123.0,0.5164869029275809,7.9,294.0,0.0,1434.2499246575342,281.0,63.0,0.0
1.0,0.0,135.35353535353536,-0.524,-14.646464646464636,31.227477029670656,1547.32,0.0,123.0,0.5164869029275809,7.9,294.0,0.0,1434.2499246575342,281.0,63.0,0.0
0.0,0.0,148.14814814814815,0.349,8.148148148148152,36.0,1301.25,0.0,232.0,0.6531807175874973,7.0,259.0,0.0,2799.632229822161,273.0,93.0,1.0
0.0,0.0,99.0,0.182,-51.0,71.0,1791.72,0.0,136.0,0.5,5.5,291.5,0.0,704.6132054794523,649.0,0.0,0.0
0.0,0.0,159.84,0.3109999999999999,9.840000000000003,76.0,1255.58,0.0,123.0,0.4157311614938733,6.7,291.5,0.0,1214.2337893296856,416.0,20.0,0.0
1.0,0.0,143.43434343434342,-0.524,-6.565656565656582,31.227477029670656,1547.32,0.0,123.0,0.5164869029275809,7.9,294.0,0.0,1434.2499246575342,281.0,63.0,0.0
0.0,0.0,146.3068181818182,0.276,-3.693181818181813,41.0,1503.56,0.0,253.0,0.3845770049159879,5.9,291.5,0.0,1726.333905608755,493.0,1.0,1.0
0.0,0.0,121.0,0.2395,-29.0,41.0,1447.72,0.0,110.0,0.4522342064714946,6.8,291.5,0.0,594.4883036935706,587.0,0.0,0.0
0.0,0.0,99.0,0.182,-51.0,71.0,1791.72,0.0,136.0,0.5,5.5,291.5,0.0,704.6132054794523,649.0,0.0,0.0
0.0,0.0,27.206218564243265,-0.51,-7.793781435756735,41.0,1674.71,0.0,247.0,0.6461149020471055,8.1,230.0,0.0,2880.709302325581,338.0,81.0,1.0
0.0,0.1286008230452675,10.2880658436214,-0.3668736568745356,-4.7119341563786,35.0,1538.94,80.0,237.0,0.6160026414263702,7.393333333333333,291.5,0.0,2715.5995684931504,336.0,75.0,1.0
0.0,1.0728982951205173,32.18694885361552,0.3137,-7.813051146384481,59.3,1592.27,30.0,252.0,0.4160246533127889,6.0,291.5,0.0,1631.112229822161,540.0,0.0,1.0
1.0,0.0,142.087542087542,-0.5210546484649512,-7.912457912457995,20.0,1524.77,0.0,120.0,0.6209699904615159,7.9,291.5,0.0,1393.206566347469,293.0,83.0,0.0
1.0,0.0,210.1010101010101,-0.524,10.101010101010104,31.227477029670656,1547.32,0.0,123.0,0.5164869029275809,7.9,294.0,0.0,1434.2499246575342,281.0,63.0,0.0
0.0,0.0,93.75,-0.372,-31.25,41.0,1311.15,0.0,251.0,0.435270379338176,7.31,291.5,0.0,2505.120779753762,429.0,22.0,1.0
0.0,0.0,117.79835390946504,-0.51,-22.201646090534965,41.0,1674.71,0.0,247.0,0.6461149020471055,8.1,230.0,0.0,2880.709302325581,338.0,81.0,1.0
0.0,1.208847736625512,169.23868312757168,-0.51,29.23868312757168,41.0,1674.71,140.0,247.0,0.6461149020471055,8.1,230.0,0.0,2880.709302325581,338.0,81.0,1.0
0.0,0.0,42.38683127572013,0.349,7.386831275720127,36.0,1301.25,0.0,232.0,0.6531807175874973,7.0,259.0,0.0,2799.632229822161,273.0,93.0,1.0
1.0,0.0,319.191919191919,-0.5210546484649512,19.191919191919,20.0,1524.77,0.0,120.0,0.6209699904615159,7.9,291.5,0.0,1393.206566347469,293.0,83.0,0.0
0.0,2.50832843425436,112.8747795414462,0.3137,-17.125220458553798,59.3,1592.27,45.0,252.0,0.4160246533127889,6.0,291.5,0.0,1631.112229822161,540.0,0.0,1.0
0.0,0.0,106.2825,0.3109999999999999,6.282499999999999,66.0,1451.31,0.0,120.0,0.4273607748184019,6.5,291.5,0.0,1193.284109589041,462.0,15.0,0.0
0.0,0.0,120.8847736625514,-0.51,-19.115226337448604,41.0,1674.71,0.0,247.0,0.6461149020471055,8.1,230.0,0.0,2880.709302325581,338.0,81.0,1.0
1.0,0.0,76.0942760942761,-0.5210546484649512,1.094276094276097,20.0,1524.77,0.0,120.0,0.6209699904615159,7.9,291.5,0.0,1393.206566347469,293.0,83.0,0.0
0.0,0.0,152.2633744855967,0.349,12.2633744855967,36.0,1301.25,0.0,232.0,0.6531807175874973,7.0,259.0,0.0,2799.632229822161,273.0,93.0,1.0
0.0,0.0,12.5,-0.372,0.0,41.0,1311.15,0.0,251.0,0.435270379338176,7.31,291.5,0.0,2505.120779753762,429.0,22.0,1.0
0.0,0.1800411522633744,10.802469135802468,-0.3668736568745356,-4.197530864197532,35.0,1538.94,60.0,237.0,0.6160026414263702,7.393333333333333,291.5,0.0,2715.5995684931504,336.0,75.0,1.0
0.0,0.0,132.84313726666667,-0.3739999999999999,7.843137266666673,42.0,1292.01,0.0,251.0,0.409289016068677,7.31,291.5,0.0,2194.1571887824894,420.0,18.0,1.0
1.0,0.0,268.6868686868687,-0.524,-31.313131313131294,31.227477029670656,1547.32,0.0,129.0,0.5164869029275809,7.9,294.0,0.0,1504.2133356164384,281.0,63.0,0.0
0.0,0.0,168.0,0.182,18.0,71.0,1590.93,0.0,130.0,0.4807395993836671,5.5,291.5,0.0,705.51,624.0,0.0,0.0
0.0,1.1574074074074072,162.037037037037,-0.51,22.03703703703701,41.0,1674.71,140.0,247.0,0.6461149020471055,8.1,230.0,0.0,2880.709302325581,338.0,81.0,1.0
0.0,1.0141093474426808,141.97530864197532,-0.3668736568745356,-8.024691358024683,35.0,1538.94,140.0,237.0,0.6160026414263702,7.393333333333333,291.5,0.0,2715.5995684931504,336.0,75.0,1.0
0.0,0.0,134.77366255144034,0.349,-5.226337448559661,36.0,1301.25,0.0,232.0,0.6531807175874973,7.0,259.0,0.0,2799.632229822161,273.0,93.0,1.0
1.0,0.0,214.81481481481467,-0.5210546484649512,-10.185185185185333,20.0,1524.77,0.0,120.0,0.6209699904615159,7.9,291.5,0.0,1393.206566347469,293.0,83.0,0.0
0.0,0.0,146.75,-0.449,-3.25,41.0,2123.88,0.0,102.0,0.7588597842835131,7.7,291.5,0.0,1249.689069767442,336.0,105.0,0.0
0.0,1.512,90.72,-0.552,-49.28,100.32300305199568,1395.83,60.0,243.0,0.5627779000660357,8.3,324.84063359499675,20.0,2940.9774041095893,304.0,69.0,1.0
1.0,0.0,216.16161616161617,-0.524,-83.83838383838383,31.227477029670656,1547.32,0.0,129.0,0.5164869029275809,7.9,294.0,0.0,1504.2133356164384,281.0,63.0,0.0
0.0,0.0,92.16666666666669,-0.372,12.166666666666686,41.0,1311.15,0.0,251.0,0.435270379338176,7.31,291.5,0.0,2505.120779753762,429.0,22.0,1.0
0.0,2.9411764705833336,88.2352941175,-0.3739999999999999,6.235294117500004,42.0,1292.01,30.0,251.0,0.409289016068677,7.31,291.5,0.0,2194.1571887824894,420.0,18.0,1.0
0.0,0.0,110.684,-0.526,-29.316000000000003,45.2,1401.49,0.0,238.0,0.6559835644581408,8.0,332.7188745600972,0.0,2790.724424657535,289.0,91.0,1.0
0.0,0.0,20.5761316872428,-0.532,5.5761316872428,53.0,1389.46,0.0,209.0,0.5750311835057598,8.3,291.5,83.0,2429.533383561644,289.0,74.0,1.0
0.0,0.0,13.19485270102554,-0.51,1.1948527010255408,41.0,1674.71,0.0,247.0,0.6461149020471055,8.1,230.0,0.0,2880.709302325581,338.0,81.0,1.0
0.0,0.62,86.8,-0.552,-53.2,100.32300305199568,1395.83,140.0,243.0,0.5627779000660357,8.3,324.84063359499675,20.0,2940.9774041095893,304.0,69.0,1.0
0.0,0.0,99.0,0.182,-51.0,71.0,1791.72,0.0,136.0,0.5,5.5,291.5,0.0,704.6132054794523,649.0,0.0,0.0
0.0,0.3129286694101508,25.03429355281207,-0.3668736568745356,-4.96570644718793,35.0,1538.94,80.0,237.0,0.6160026414263702,7.393333333333333,291.5,0.0,2715.5995684931504,336.0,75.0,1.0
1.0,0.0,177.77777777777777,-0.524,-22.22222222222223,31.227477029670656,1547.32,0.0,129.0,0.5164869029275809,7.9,294.0,0.0,1504.2133356164384,281.0,63.0,0.0
0.0,0.0,93.0,0.182,-57.0,41.0,1641.86,0.0,112.0,0.485362095531587,5.5,291.5,0.0,640.5787140902871,630.0,0.0,0.0
0.0,0.3125,12.5,0.278,-14.5,41.0,1454.85,40.0,233.0,0.3657348301416098,6.0,291.5,0.0,1888.0984473324213,450.0,4.0,1.0
0.0,0.0,157.4074074074074,0.349,17.40740740740739,36.0,1301.25,0.0,232.0,0.6531807175874973,7.0,259.0,0.0,2799.632229822161,273.0,93.0,1.0
0.0,2.6164421997755336,117.739898989899,0.3142,-12.260101010100996,64.5,1636.91,45.0,241.0,0.4375889647076088,6.3,291.5,0.0,2317.0895479452056,500.0,11.0,1.0
1.0,0.0,137.37373737373736,-0.524,-12.626262626262644,31.227477029670656,1547.32,0.0,129.0,0.5164869029275809,7.9,294.0,0.0,1504.2133356164384,281.0,63.0,0.0
1.0,0.0,311.78451178451166,-0.5210546484649512,11.784511784511665,20.0,1524.77,0.0,120.0,0.6209699904615159,7.9,291.5,0.0,1393.206566347469,293.0,83.0,0.0
